{
  "Name": "LoudnessCompensator",
  "Version": "1.0.0",
  "Factory Info": {
    "Vendor": "Grisys83",
    "URL": "https://github.com/grisys83",
    "E-Mail": "",
    "Flags": {
      "Unicode": true,
      "Classes Discardable": false,
      "Component Non Discardable": false,
    },
  },
  "Classes": [
    {
      "CID": "ABCDEF019182FAEB475249534C444350",
      "Category": "Audio Module Class",
      "Name": "LoudnessCompensator",
      "Vendor": "Grisys83",
      "Version": "1.0.0",
      "SDKVersion": "VST 3.7.12",
      "Sub Categories": [
        "Fx",
      ],
      "Class Flags": 0,
      "Cardinality": 2147483647,
      "Snapshots": [
      ],
    },
    {
      "CID": "ABCDEF011234ABCD475249534C444350",
      "Category": "Component Controller Class",
      "Name": "LoudnessCompensator",
      "Vendor": "Grisys83",
      "Version": "1.0.0",
      "SDKVersion": "VST 3.7.12",
      "Sub Categories": [
        "Fx",
      ],
      "Class Flags": 0,
      "Cardinality": 2147483647,
      "Snapshots": [
      ],
    },
    {
      "CID": "ABCDEF01C0DEF00D475249534C444350",
      "Category": "Plugin Compatibility Class",
      "Name": "LoudnessCompensator",
      "Vendor": "Grisys83",
      "Version": "1.0.0",
      "SDKVersion": "VST 3.7.12",
      "Class Flags": 0,
      "Cardinality": 2147483647,
      "Snapshots": [
      ],
    },
  ],
}